<?xml version="1.0" encoding="UTF-8"?>
<!DOCTYPE mapper
        PUBLIC "-//mybatis.org//DTD Mapper 3.0//EN"
        "http://mybatis.org/dtd/mybatis-3-mapper.dtd">
<mapper namespace="com.example.campus.mapper.AdminMapper">

    <resultMap id="BaseResultMap" type="com.example.campus.pojo.Admin">
            <id property="id" column="id" jdbcType="INTEGER"/>
            <result property="name" column="name" jdbcType="VARCHAR"/>
            <result property="gender" column="gender" jdbcType="CHAR"/>
            <result property="password" column="password" jdbcType="VARCHAR"/>
            <result property="email" column="email" jdbcType="VARCHAR"/>
            <result property="telephone" column="telephone" jdbcType="VARCHAR"/>
            <result property="address" column="address" jdbcType="VARCHAR"/>
            <result property="portraitPath" column="portrait_path" jdbcType="VARCHAR"/>
    </resultMap>

    <sql id="Base_Column_List">
        id,name,gender,
        password,email,telephone,
        address,portrait_path
    </sql>
</mapper>
