<?xml version="1.0" encoding="UTF-8"?>
<!DOCTYPE mapper
        PUBLIC "-//mybatis.org//DTD Mapper 3.0//EN"
        "http://mybatis.org/dtd/mybatis-3-mapper.dtd">
<mapper namespace="com.example.campus.mapper.ClazzMapper">

    <resultMap id="BaseResultMap" type="com.example.campus.pojo.Clazz">
            <id property="id" column="id" jdbcType="INTEGER"/>
            <result property="name" column="name" jdbcType="VARCHAR"/>
            <result property="number" column="number" jdbcType="INTEGER"/>
            <result property="introducation" column="introducation" jdbcType="VARCHAR"/>
            <result property="headmaster" column="headmaster" jdbcType="VARCHAR"/>
            <result property="email" column="email" jdbcType="VARCHAR"/>
            <result property="telephone" column="telephone" jdbcType="VARCHAR"/>
            <result property="gradeName" column="grade_name" jdbcType="VARCHAR"/>
    </resultMap>

    <sql id="Base_Column_List">
        id,name,number,
        introducation,headmaster,email,
        telephone,grade_name
    </sql>
</mapper>
