<?xml version="1.0" encoding="UTF-8"?>
<!DOCTYPE mapper
        PUBLIC "-//mybatis.org//DTD Mapper 3.0//EN"
        "http://mybatis.org/dtd/mybatis-3-mapper.dtd">
<mapper namespace="com.example.campus.mapper.GradeMapper">

    <resultMap id="BaseResultMap" type="com.example.campus.pojo.Grade">
            <id property="id" column="id" jdbcType="INTEGER"/>
            <id property="name" column="name" jdbcType="VARCHAR"/>
            <result property="manager" column="manager" jdbcType="VARCHAR"/>
            <result property="email" column="email" jdbcType="VARCHAR"/>
            <result property="telephone" column="telephone" jdbcType="VARCHAR"/>
            <result property="introducation" column="introducation" jdbcType="VARCHAR"/>
    </resultMap>

    <sql id="Base_Column_List">
        id,name,manager,
        email,telephone,introducation
    </sql>
</mapper>
